ticker,price
2656.T,159.00
5928.T,287.00
4052.T,321.00
2693.T,399.00
9268.T,410.00
4093.T,427.00
7291.T,483.00
9835.T,509.00
2492.T,521.00
2633.T,565.50
7192.T,591.00
8127.T,600.00
9341.T,620.00
2114.T,639.00
6482.T,688.00
4896.T,750.00
6306.T,960.00
2866.T,1013.00
4031.T,1071.00
7191.T,1107.00
8699.T,1171.00
6533.T,1185.00
4998.T,1195.00
5458.T,1234.00
2668.T,1260.00
2180.T,1307.00
6395.T,1324.00
6497.T,1356.00
5391.T,1518.00
1780.T,1535.00
7752.T,1556.50
7438.T,1557.00
8542.T,1621.00
4095.T,1680.00
8383.T,1685.00
2480.T,1700.00
7417.T,1861.00
3800.T,1960.00
9361.T,2070.00
7172.T,2136.00
7731.T,2247.00
9702.T,2277.00
6899.T,2401.00
7219.T,2520.00
3944.T,2525.00
4088.T,2591.00
1585.T,2676.00
7972.T,2862.00
1897.T,3100.00
7981.T,3135.00
2207.T,3155.00
6333.T,3235.00
8919.T,3310.00
6915.T,3340.00
6265.T,3380.00
6013.T,3455.00
7265.T,3845.00
2751.T,3850.00
2573.T,4000.00
6396.T,4250.00
8085.T,4365.00
5484.T,4455.00
6237.T,4990.00
6305.T,5352.00
2961.T,6440.00
6301.T,6642.00
6432.T,7590.00
