ticker,date,close,ma75,body_low,body_high,high_15_days,high_ratio
5240.T,2026-07-31,214.0,156.43,214.0,220.0,294.0,1.374
4052.T,2026-07-31,342.0,264.25,268.0,342.0,401.0,1.173
4424.T,2026-07-31,379.0,259.53,379.0,420.0,476.0,1.256
5575.T,2026-07-31,991.0,740.31,991.0,1004.0,1243.0,1.254
2354.T,2026-07-31,1235.0,954.79,1235.0,1274.0,1698.0,1.375
6522.T,2026-07-31,1591.0,1208.11,1500.0,1591.0,2379.0,1.495
1518.T,2026-07-31,2326.0,1522.39,2311.0,2326.0,2403.0,1.033
5242.T,2026-07-31,2382.0,1093.53,2382.0,2482.0,3210.0,1.348
2767.T,2026-07-31,2410.0,1461.64,2264.0,2410.0,2499.0,1.037
