ticker,pattern,months_ago,latest_price,prev_open,prev_close,curr_open,curr_close
1311.T,bullish_engulfing,3,1870.0,1798.0,1784.0,1784.0,1870.0
1332.T,bullish_engulfing,3,1295.0,1235.5,1144.0,1144.0,1295.0
1358.T,bullish_engulfing,3,91200.0,81720.0,81610.0,81610.0,91200.0
1365.T,bullish_engulfing,3,73600.0,66220.0,66110.0,66110.0,73600.0
1377.T,bullish_engulfing,2,4410.0,4270.0,4055.0,4055.0,4410.0
1380.T,bullish_engulfing,4,1008.0,1000.0,996.0,996.0,1008.0
1381.T,bullish_engulfing,3,4245.0,4155.0,4145.0,4145.0,4245.0
1399.T,bullish_engulfing,3,2807.94091796875,2771.9929265396063,2726.059326171875,2726.0592838032317,2807.94091796875
1419.T,bullish_engulfing,3,3715.0,3635.0,3580.0,3580.0,3715.0
1435.T,bullish_engulfing,2,212.0,176.0,164.0,164.0,212.0
1438.T,bullish_engulfing,2,1883.0,1815.0,1775.0,1775.0,1883.0
1458.T,bullish_engulfing,3,57030.0,51170.0,51150.0,51150.0,57030.0
1514.T,bullish_engulfing,3,672.0,578.0,530.0,530.0,672.0
1547.T,bullish_engulfing,1,11640.0,11630.0,11615.0,11550.0,11640.0
1559.T,bullish_engulfing,4,3817.0,3735.0,3700.0,3684.0,3817.0
1563.T,bullish_engulfing,3,2209.0,2131.0,2114.0,2114.0,2209.0
1570.T,bullish_engulfing,3,48070.0,43170.0,43100.0,43100.0,48070.0
1572.T,bullish_engulfing,3,8386.0,8255.0,8006.0,8006.0,8386.0
1579.T,bullish_engulfing,3,517.4000244140625,464.20001220703125,463.70001220703125,463.70001220703125,517.4000244140625
1585.T,bullish_engulfing,3,2382.96435546875,2343.6628902574766,2313.316162109375,2313.3161279602687,2382.96435546875
1617.T,bullish_engulfing,3,42090.0,42050.0,41330.0,41330.0,42090.0
1624.T,bullish_engulfing,3,83590.0,75000.0,73070.0,73070.0,83590.0
1653.T,bullish_engulfing,4,4462.58984375,4410.030573325037,4395.1552734375,4333.670581597222,4462.58984375
1655.T,bullish_engulfing,1,774.2000122070312,772.1504964582983,768.4697875976562,767.0999755859375,774.2000122070312
1658.T,bullish_engulfing,4,3568.677978515625,3522.2804496200392,3507.47265625,3503.5236917709417,3568.677978515625
1671.T,bullish_engulfing,3,3271.0,3030.0,2978.0,2978.0,3271.0
1681.T,bullish_engulfing,4,2732.19091796875,2684.0855090562522,2651.68798828125,2637.943584830051,2732.19091796875
1685.T,bullish_engulfing,3,574.5999755859375,533.0999755859375,506.79998779296875,506.79998779296875,574.5999755859375
1690.T,bullish_engulfing,3,1522.0,1413.0,1385.5,1385.5,1522.0
1691.T,bullish_engulfing,3,8356.0,8299.0,7757.0,7757.0,8356.0
1699.T,bullish_engulfing,3,417.6000061035156,390.8999938964844,384.1000061035156,384.1000061035156,417.6000061035156
1768.T,bullish_engulfing,3,1431.0,1402.0,1366.0,1366.0,1431.0
1776.T,bullish_engulfing,2,1684.0,1639.0,1609.0,1606.0,1684.0
1783.T,bullish_engulfing,3,66.0,63.0,61.0,61.0,66.0
1786.T,bullish_engulfing,2,435.0,414.0,410.0,410.0,435.0
1793.T,bullish_engulfing,4,1536.0,1443.0,1436.0,1436.0,1536.0
1814.T,bullish_engulfing,3,3830.0,3805.0,3740.0,3740.0,3830.0
1833.T,bullish_engulfing,3,6440.0,6210.0,6190.0,6190.0,6440.0
1840.T,bullish_engulfing,3,226.0,225.0,220.0,220.0,226.0
1844.T,bullish_engulfing,3,616.0,591.0,519.0,519.0,616.0
1852.T,bullish_engulfing,3,1056.0,1031.0,1022.0,1022.0,1056.0
1861.T,bullish_engulfing,3,1734.0,1593.0,1545.0,1545.0,1734.0
1885.T,bullish_engulfing,3,3140.0,2948.0,2831.0,2831.0,3140.0
1887.T,bullish_engulfing,3,630.0,555.0,540.0,540.0,630.0
1909.T,bullish_engulfing,3,10730.0,9290.0,9200.0,9200.0,10730.0
1921.T,bullish_engulfing,2,2072.0,2036.0,2028.0,2028.0,2072.0
1926.T,bullish_engulfing,3,3495.0,3440.0,3385.0,3385.0,3495.0
1946.T,bullish_engulfing,3,2045.0,1987.0,1939.0,1939.0,2045.0
1952.T,bullish_engulfing,3,3285.0,3175.0,3145.0,3145.0,3285.0
1959.T,bullish_engulfing,3,8061.0,7979.0,7697.0,7697.0,8061.0
1963.T,bullish_engulfing,3,2162.5,1934.5,1900.5,1900.5,2162.5
1964.T,bullish_engulfing,3,4685.0,4630.0,4355.0,4355.0,4685.0
1992.T,bullish_engulfing,1,2849.0,2799.0,2793.0,2789.0,2849.0
1997.T,bullish_engulfing,4,3825.0,3655.0,3590.0,3575.0,3825.0
2001.T,bullish_engulfing,3,2635.0,2394.0,2381.0,2381.0,2635.0
2039.T,bullish_engulfing,4,906.0,896.0,888.0,886.0,906.0
2047.T,bullish_engulfing,3,3325.0,3293.0,3290.0,3273.0,3325.0
2053.T,bullish_engulfing,3,1804.0,1804.0,1730.0,1730.0,1804.0
2055.T,bullish_engulfing,3,353.0,351.0,344.0,344.0,353.0
2070.T,bullish_engulfing,2,15165.0,14460.0,13995.0,13995.0,15165.0
2071.T,bullish_engulfing,2,18300.0,18100.0,17825.0,17800.0,18300.0
2072.T,bullish_engulfing,3,17990.0,16530.0,16450.0,16450.0,17990.0
2089.T,bullish_engulfing,2,2825.0,2739.5,2738.5,2716.5,2825.0
2095.T,bullish_engulfing,3,1132.002685546875,1107.0686723530994,1100.087158203125,1092.108317774298,1132.002685546875
2117.T,bullish_engulfing,3,2858.0,2825.0,2824.0,2824.0,2858.0
2122.T,bullish_engulfing,3,1219.0,1203.0,1199.0,1199.0,1219.0
2139.T,bullish_engulfing,3,436.0,424.0,415.0,415.0,436.0
2158.T,bullish_engulfing,2,949.0,873.0,837.0,837.0,949.0
2160.T,bullish_engulfing,3,2548.0,2543.0,2412.0,2412.0,2548.0
2164.T,bullish_engulfing,3,364.0,305.0,240.0,240.0,364.0
2175.T,bullish_engulfing,3,1634.0,1365.0,1350.0,1350.0,1634.0
2179.T,bullish_engulfing,3,810.0,809.0,789.0,789.0,810.0
2183.T,bullish_engulfing,3,311.0,302.0,293.0,293.0,311.0
2196.T,bullish_engulfing,2,167.0,164.0,162.0,162.0,167.0
2201.T,bullish_engulfing,3,2696.0,2672.0,2660.0,2660.0,2696.0
2215.T,bullish_engulfing,2,624.0,615.0,612.0,612.0,624.0
2252.T,bullish_engulfing,2,1332.0,1316.0,1307.0,1305.0,1332.0
2253.T,bullish_engulfing,3,1197.2266845703125,1186.3157591101242,1158.54248046875,1158.5424752097142,1197.2266845703125
2264.T,bullish_engulfing,3,3980.0,3753.0,3724.0,3724.0,3980.0
2282.T,bullish_engulfing,3,6968.0,6922.0,6557.0,6557.0,6968.0
2291.T,bullish_engulfing,3,632.0,629.0,612.0,612.0,632.0
2300.T,bullish_engulfing,4,528.4689331054688,507.6864500641823,506.6968078613281,506.6968047752809,528.4689331054688
2323.T,bullish_engulfing,4,332.6666564941406,266.3333435058594,261.0,261.0,332.6666564941406
2334.T,bullish_engulfing,3,442.0,426.0,412.0,412.0,442.0
2337.T,bullish_engulfing,2,431.1523132324219,426.28604223452857,396.1151123046875,396.11510493362465,431.1523132324219
2345.T,bullish_engulfing,3,244.0,239.0,218.0,218.0,244.0
2349.T,bullish_engulfing,3,2318.0,2306.0,2277.0,2277.0,2318.0
2353.T,bullish_engulfing,3,285.0,281.0,260.0,260.0,285.0
2359.T,bullish_engulfing,4,2070.0,2062.0,2043.0,2043.0,2070.0
2395.T,bullish_engulfing,2,1703.0,1672.0,1617.0,1610.0,1703.0
2404.T,bullish_engulfing,4,490.0,473.0,459.0,459.0,490.0
2410.T,bullish_engulfing,2,2569.0,2454.0,2447.0,2430.0,2569.0
2411.T,bullish_engulfing,3,474.0,470.0,465.0,465.0,474.0
2425.T,bullish_engulfing,3,814.0,803.0,791.0,791.0,814.0
2432.T,bullish_engulfing,2,2660.0,2538.0,2531.0,2525.0,2660.0
2435.T,bullish_engulfing,3,220.0,216.0,213.0,213.0,220.0
2438.T,bullish_engulfing,3,379.0,372.0,365.0,365.0,379.0
2454.T,bullish_engulfing,2,400.0,399.0,396.0,396.0,400.0
2481.T,bullish_engulfing,2,696.0,689.0,683.0,683.0,696.0
2489.T,bullish_engulfing,2,290.0,264.0,263.0,263.0,290.0
2497.T,bullish_engulfing,3,538.0,501.0,498.0,498.0,538.0
2516.T,bullish_engulfing,3,555.2999877929688,550.7999877929688,528.7999877929688,528.7999877929688,555.2999877929688
2531.T,bullish_engulfing,4,1607.0,1560.0,1501.0,1495.0,1607.0
2553.T,bullish_engulfing,4,2218.0,2120.5,2079.0,2050.5,2218.0
2554.T,bullish_engulfing,2,782.0999755859375,778.5,777.5,777.4000244140625,782.0999755859375
2560.T,bullish_engulfing,3,46920.0,45380.0,45350.0,45350.0,46920.0
2562.T,bullish_engulfing,4,3460.194580078125,3385.5784665088036,3372.64501953125,3366.675807643581,3460.194580078125
2586.T,bullish_engulfing,3,142.0,133.0,124.0,124.0,142.0
2597.T,bullish_engulfing,2,1070.0,1055.0,1037.0,1037.0,1070.0
2602.T,bullish_engulfing,3,5630.0,5320.0,5250.0,5250.0,5630.0
2623.T,bullish_engulfing,3,2008.0,2003.0,2000.0,2000.0,2008.0
2633.T,bullish_engulfing,1,497.1000061035156,496.6000061035156,496.1000061035156,492.8999938964844,497.1000061035156
2635.T,bullish_engulfing,3,4548.0869140625,4436.289266440764,4434.310546875,4434.310539227349,4548.0869140625
2636.T,bullish_engulfing,3,4252.0,4088.0,4056.0,4056.0,4252.0
2643.T,bullish_engulfing,4,3617.0,3575.0,3477.0,3477.0,3617.0
2648.T,bullish_engulfing,2,3575.0,3540.0,3502.0,3480.0,3575.0
2652.T,bullish_engulfing,3,347.0,345.0,341.0,341.0,347.0
2654.T,bullish_engulfing,3,399.0,391.0,389.0,389.0,399.0
2664.T,bullish_engulfing,3,3100.0,3025.0,3000.0,3000.0,3100.0
2683.T,bullish_engulfing,3,988.08935546875,987.0993224607414,986.1092529296875,986.1092164798347,988.08935546875
2695.T,bullish_engulfing,3,3405.0,3385.0,3250.0,3250.0,3405.0
2708.T,bullish_engulfing,2,2266.0,2176.0,2160.0,2153.0,2266.0
2734.T,bullish_engulfing,2,1222.0,1134.0,1107.0,1107.0,1222.0
2735.T,bullish_engulfing,4,635.7261962890625,628.8053953518121,618.9185180664062,618.9185052518711,635.7261962890625
2737.T,bullish_engulfing,2,14000.0,13230.0,11740.0,11740.0,14000.0
2750.T,bullish_engulfing,3,1322.0,1277.0,1254.0,1254.0,1322.0
2763.T,bullish_engulfing,4,1285.0,1285.0,1250.0,1250.0,1285.0
2764.T,bullish_engulfing,2,154.0,125.0,124.0,124.0,154.0
2776.T,bullish_engulfing,3,138.0,121.0,120.0,120.0,138.0
2778.T,bullish_engulfing,3,150.0,136.0,128.0,128.0,150.0
2790.T,bullish_engulfing,2,2320.0,2223.0,2177.0,2172.0,2320.0
2795.T,bullish_engulfing,4,895.0,880.0,877.0,877.0,895.0
2806.T,bullish_engulfing,4,2270.0,2098.0,2092.0,2081.0,2270.0
2810.T,bullish_engulfing,3,2994.5,2912.5,2878.5,2878.5,2994.5
2813.T,bullish_engulfing,3,3185.0,3125.0,3095.0,3095.0,3185.0
2814.T,bullish_engulfing,2,3300.0,3235.0,3130.0,3130.0,3300.0
2815.T,bullish_engulfing,3,5600.0,5500.0,5290.0,5290.0,5600.0
2816.T,bullish_engulfing,3,1409.0,1407.0,1403.0,1403.0,1409.0
2819.T,bullish_engulfing,3,2609.0,2565.0,2511.0,2511.0,2609.0
2831.T,bullish_engulfing,4,3330.0,3250.0,3240.0,3235.0,3330.0
2839.T,bullish_engulfing,2,5257.22509765625,5243.338077721678,5187.7900390625,5174.894968768425,5257.22509765625
2841.T,bullish_engulfing,3,1513.6199951171875,1500.0,1497.699951171875,1477.739990234375,1513.6199951171875
2842.T,bullish_engulfing,3,14155.0,14140.0,14130.0,14130.0,14155.0
2843.T,bullish_engulfing,2,3791.46142578125,3791.4613362353043,3781.55419921875,3776.6007199054416,3791.46142578125
2854.T,bullish_engulfing,3,2072.0,1991.0,1980.0,1980.0,2072.0
2859.T,bullish_engulfing,4,2892.9619140625,2873.0310106963634,2867.0517578125,2859.0794803463014,2892.9619140625
2883.T,bullish_engulfing,3,2005.0,1975.0,1969.0,1969.0,2005.0
2884.T,bullish_engulfing,3,870.0,742.0,691.0,691.0,870.0
2903.T,bullish_engulfing,3,2041.0,1689.0,1669.0,1669.0,2041.0
2907.T,bullish_engulfing,4,1338.0,1269.0,1255.0,1255.0,1338.0
2908.T,bullish_engulfing,3,1614.0,1612.0,1583.0,1583.0,1614.0
2911.T,bullish_engulfing,3,2310.0,2279.0,2273.0,2273.0,2310.0
2915.T,bullish_engulfing,3,2003.0,1981.0,1887.0,1887.0,2003.0
2916.T,bullish_engulfing,3,728.0,716.0,712.0,712.0,728.0
2933.T,bullish_engulfing,3,1099.0,1095.0,1078.0,1078.0,1099.0
2936.T,bullish_engulfing,3,374.0,338.0,310.0,310.0,374.0
2984.T,bullish_engulfing,4,752.0,726.0,711.0,711.0,752.0
3010.T,bullish_engulfing,2,197.0,190.0,185.0,185.0,197.0
3041.T,bullish_engulfing,3,478.0,450.0,446.0,446.0,478.0
3053.T,bullish_engulfing,2,182.0,175.0,168.0,168.0,182.0
3068.T,bullish_engulfing,2,3235.0,3235.0,3200.0,3200.0,3235.0
3070.T,bullish_engulfing,3,121.0,87.0,73.0,73.0,121.0
3071.T,bullish_engulfing,4,109.91818237304688,107.00000187136092,103.10909271240234,103.10909142958378,109.91818237304688
3079.T,bullish_engulfing,3,1202.0,1194.0,1187.0,1187.0,1202.0
3099.T,bullish_engulfing,3,2475.5,2412.5,2275.0,2275.0,2475.5
3103.T,bullish_engulfing,3,629.0,353.0,289.0,289.0,629.0
3109.T,bullish_engulfing,3,1080.0,1049.0,1044.0,1044.0,1080.0
3110.T,bullish_engulfing,3,14830.0,13880.0,10200.0,10200.0,14830.0
3113.T,bullish_engulfing,3,72.0,70.0,69.0,69.0,72.0
3121.T,bullish_engulfing,3,231.0,230.0,200.0,200.0,231.0
3123.T,bullish_engulfing,3,625.0,606.0,603.0,603.0,625.0
3161.T,bullish_engulfing,4,648.0,644.0,643.0,642.0,648.0
3176.T,bullish_engulfing,3,1587.0,1546.0,1493.0,1493.0,1587.0
3184.T,bullish_engulfing,4,4420.0,4390.0,4350.0,4350.0,4420.0
3190.T,bullish_engulfing,2,576.0,575.0,570.0,570.0,576.0
3192.T,bullish_engulfing,3,294.0,293.0,277.0,277.0,294.0
3195.T,bullish_engulfing,2,561.0,515.0,501.0,501.0,561.0
3201.T,bullish_engulfing,3,1861.0,1792.0,1775.0,1775.0,1861.0
3232.T,bullish_engulfing,3,553.0,544.0,540.0,540.0,553.0
3236.T,bullish_engulfing,3,381.0,315.0,309.0,309.0,381.0
3248.T,bullish_engulfing,4,844.0,839.0,830.0,816.0,844.0
3266.T,bullish_engulfing,3,90.0,90.0,85.0,85.0,90.0
3271.T,bullish_engulfing,2,976.0,923.0,914.0,911.0,976.0
3276.T,bullish_engulfing,2,1375.0,1290.0,1280.0,1278.0,1375.0
3279.T,bullish_engulfing,3,144500.0,142300.0,140800.0,140800.0,144500.0
3294.T,bullish_engulfing,3,2122.0,1981.0,1954.0,1954.0,2122.0
3300.T,bullish_engulfing,2,2640.0,2320.0,2309.0,2302.0,2640.0
3306.T,bullish_engulfing,3,708.0,697.0,689.0,689.0,708.0
3323.T,bullish_engulfing,3,111.0,86.0,82.0,82.0,111.0
3350.T,bullish_engulfing,3,434.0,406.0,405.0,405.0,434.0
3353.T,bullish_engulfing,2,2991.8125,2874.101701794446,2871.158935546875,2865.2735450819673,2991.8125
3370.T,bullish_engulfing,3,419.0,368.0,331.0,331.0,419.0
3374.T,bullish_engulfing,4,2259.0,2147.0,2106.0,2106.0,2259.0
3377.T,bullish_engulfing,2,418.0,405.0,402.0,402.0,418.0
3388.T,bullish_engulfing,2,2502.0,2368.0,2355.0,2321.0,2502.0
3392.T,bullish_engulfing,3,888.0,859.0,857.0,857.0,888.0
3393.T,bullish_engulfing,2,3090.0,2881.0,2813.0,2806.0,3090.0
3396.T,bullish_engulfing,4,860.1129760742188,834.7005999879236,821.994384765625,821.994332816384,860.1129760742188
3401.T,bullish_engulfing,4,1355.5,1336.0,1313.5,1308.0,1355.5
3409.T,bullish_engulfing,3,145.0,129.0,114.0,114.0,145.0
3415.T,bullish_engulfing,1,437.0,417.0,383.0,370.0,437.0
3418.T,bullish_engulfing,3,1085.5068359375,1082.5137792921482,1030.6329345703125,1030.6328690472772,1085.5068359375
3431.T,bullish_engulfing,3,1945.0,1916.0,1880.0,1880.0,1945.0
3433.T,bullish_engulfing,3,2581.0,2228.0,2224.0,2224.0,2581.0
3440.T,bullish_engulfing,3,975.0,960.0,939.0,939.0,975.0
3444.T,bullish_engulfing,4,708.0,354.0,334.0,334.0,708.0
3449.T,bullish_engulfing,2,2541.0,2180.0,2060.0,2059.0,2541.0
3454.T,bullish_engulfing,2,1248.0,1221.0,1200.0,1200.0,1248.0
3455.T,bullish_engulfing,3,117805.4453125,116637.12764177995,114592.5703125,114592.56953125,117805.4453125
3466.T,bullish_engulfing,1,158400.0,157500.0,154000.0,153200.0,158400.0
3477.T,bullish_engulfing,3,866.0,844.0,834.0,834.0,866.0
3479.T,bullish_engulfing,3,2370.0,1832.0,1795.0,1795.0,2370.0
3489.T,bullish_engulfing,3,836.0,810.0,807.0,807.0,836.0
3524.T,bullish_engulfing,3,1592.0,1578.0,1574.0,1574.0,1592.0
3536.T,bullish_engulfing,3,129.0,127.0,126.0,126.0,129.0
3583.T,bullish_engulfing,3,1355.0,1310.0,1309.0,1309.0,1355.0
3600.T,bullish_engulfing,3,1653.0,1643.0,1624.0,1624.0,1653.0
3622.T,bullish_engulfing,3,670.0,590.0,577.0,577.0,670.0
3623.T,bullish_engulfing,2,1154.0,991.0,979.0,975.0,1154.0
3628.T,bullish_engulfing,3,516.0,513.0,495.0,495.0,516.0
3646.T,bullish_engulfing,3,337.0,331.0,305.0,305.0,337.0
3648.T,bullish_engulfing,3,1414.0,1410.0,1318.0,1318.0,1414.0
3649.T,bullish_engulfing,2,927.0,908.0,860.0,859.0,927.0
3660.T,bullish_engulfing,2,484.0,470.0,453.0,452.0,484.0
3676.T,bullish_engulfing,1,937.0,929.0,897.0,886.0,937.0
3686.T,bullish_engulfing,2,131.0,127.0,124.0,124.0,131.0
3691.T,bullish_engulfing,3,1581.0,1453.0,1383.0,1383.0,1581.0
3692.T,bullish_engulfing,3,9250.0,8930.0,7020.0,7020.0,9250.0
3723.T,bullish_engulfing,2,2682.0,1652.0,1614.0,1614.0,2682.0
3750.T,bullish_engulfing,4,840.0,828.0,821.0,821.0,840.0
3791.T,bullish_engulfing,2,1318.0,1310.0,1206.0,1206.0,1318.0
3793.T,bullish_engulfing,3,449.0,447.0,400.0,400.0,449.0
3796.T,bullish_engulfing,3,527.0,510.0,505.0,505.0,527.0
3799.T,bullish_engulfing,4,1243.0,1152.0,1146.0,1145.0,1243.0
3803.T,bullish_engulfing,3,612.0,575.0,522.0,522.0,612.0
3826.T,bullish_engulfing,3,495.2131652832031,444.32170590798415,436.49224853515625,436.49223659349525,495.2131652832031
3848.T,bullish_engulfing,3,994.0,891.0,890.0,890.0,994.0
3853.T,bullish_engulfing,3,1295.0,1125.0,948.0,948.0,1295.0
3863.T,bullish_engulfing,4,1163.0,1150.0,1110.0,1108.0,1163.0
3864.T,bullish_engulfing,3,667.0,658.0,655.0,655.0,667.0
3865.T,bullish_engulfing,3,904.0,900.0,895.0,895.0,904.0
3877.T,bullish_engulfing,2,2036.0,2026.0,2020.0,2015.0,2036.0
3880.T,bullish_engulfing,3,972.0,955.0,931.0,931.0,972.0
3891.T,bullish_engulfing,2,4280.0,3425.0,3365.0,3360.0,4280.0
3896.T,bullish_engulfing,3,419.0,335.0,329.0,329.0,419.0
3908.T,bullish_engulfing,3,395.0,292.0,286.0,286.0,395.0
3910.T,bullish_engulfing,4,299.0,296.0,295.0,293.0,299.0
3917.T,bullish_engulfing,3,624.0,491.0,473.0,473.0,624.0
3918.T,bullish_engulfing,3,1416.0,1269.0,1220.0,1220.0,1416.0
3931.T,bullish_engulfing,4,1504.6373291015625,1485.9401320366012,1436.73681640625,1427.8801599256817,1504.6373291015625
3936.T,bullish_engulfing,3,141.0,141.0,138.0,138.0,141.0
3939.T,bullish_engulfing,2,553.0,522.0,493.0,492.0,553.0
3953.T,bullish_engulfing,3,811.0,802.0,789.0,789.0,811.0
3954.T,bullish_engulfing,4,3255.0,2930.0,2850.0,2850.0,3255.0
3965.T,bullish_engulfing,4,830.0,796.0,792.0,792.0,830.0
3967.T,bullish_engulfing,4,650.0,643.0,636.0,635.0,650.0
3981.T,bullish_engulfing,2,1306.0,1256.0,1255.0,1255.0,1306.0
3986.T,bullish_engulfing,3,456.0,445.6666564941406,436.0,436.0,456.0
3989.T,bullish_engulfing,2,1234.0,1185.0,1163.0,1163.0,1234.0
3996.T,bullish_engulfing,2,270.0,269.0,267.0,265.0,270.0
4026.T,bullish_engulfing,3,1627.0,1545.0,1532.0,1532.0,1627.0
4027.T,bullish_engulfing,3,1391.0,1273.0,1235.0,1235.0,1391.0
4028.T,bullish_engulfing,3,2931.0,2839.0,2742.0,2742.0,2931.0
4043.T,bullish_engulfing,2,4476.0,4123.0,4038.0,3997.0,4476.0
4046.T,bullish_engulfing,3,2244.0,2200.0,2166.0,2166.0,2244.0
4055.T,bullish_engulfing,3,1711.0,1710.0,1400.0,1400.0,1711.0
4080.T,bullish_engulfing,4,419.0,403.0,399.0,399.0,419.0
4082.T,bullish_engulfing,3,2330.0,1221.0,1130.0,1130.0,2330.0
4097.T,bullish_engulfing,3,1121.0,1066.0,1047.0,1047.0,1121.0
4100.T,bullish_engulfing,3,1436.0,1161.0,1150.0,1150.0,1436.0
4170.T,bullish_engulfing,3,192.0,189.0,173.0,173.0,192.0
4172.T,bullish_engulfing,3,2399.0,2385.0,2356.0,2356.0,2399.0
4224.T,bullish_engulfing,3,1970.0,1886.0,1866.0,1866.0,1970.0
4361.T,bullish_engulfing,3,1501.0,1464.0,1428.0,1428.0,1501.0
4366.T,bullish_engulfing,3,371.0,301.0,300.0,300.0,371.0
4369.T,bullish_engulfing,3,3265.676025390625,3102.3922335353727,2681.812744140625,2681.812736002604,3265.676025390625
4376.T,bullish_engulfing,2,174.0,163.0,158.0,157.0,174.0
4379.T,bullish_engulfing,2,436.0,435.0,408.0,400.0,436.0
4387.T,bullish_engulfing,1,683.0,674.0,665.0,660.0,683.0
4394.T,bullish_engulfing,3,781.0,775.0,774.0,774.0,781.0
4395.T,bullish_engulfing,2,1215.0,1187.0,1122.0,1111.0,1215.0
4415.T,bullish_engulfing,3,1208.0,1144.0,1050.0,1050.0,1208.0
4419.T,bullish_engulfing,1,887.0,876.0,872.0,842.0,887.0
4422.T,bullish_engulfing,4,176.6666717529297,165.6666717529297,160.6666717529297,160.0,176.6666717529297
4429.T,bullish_engulfing,3,991.0,986.0,920.0,920.0,991.0
4431.T,bullish_engulfing,4,3055.0,2880.0,2866.0,2866.0,3055.0
4436.T,bullish_engulfing,3,475.0,455.0,442.0,442.0,475.0
4444.T,bullish_engulfing,3,900.0,890.0,884.0,884.0,900.0
4483.T,bullish_engulfing,2,4175.0,3985.0,3390.0,3325.0,4175.0
4484.T,bullish_engulfing,4,300.0,299.0,285.0,285.0,300.0
4490.T,bullish_engulfing,3,586.0,483.0,472.0,472.0,586.0
4496.T,bullish_engulfing,2,797.0,780.0,777.0,770.0,797.0
4498.T,bullish_engulfing,4,1357.0,1310.0,1192.0,1183.0,1357.0
4499.T,bullish_engulfing,3,2500.0,2430.0,2376.0,2376.0,2500.0
4512.T,bullish_engulfing,4,286.0,286.0,285.0,279.0,286.0
4528.T,bullish_engulfing,3,2302.5,2191.0,2172.5,2172.5,2302.5
4565.T,bullish_engulfing,2,966.0,827.0,812.0,809.0,966.0
4575.T,bullish_engulfing,3,871.0,825.0,803.0,803.0,871.0
4586.T,bullish_engulfing,1,125.0,115.0,106.0,104.0,125.0
4591.T,bullish_engulfing,3,84.0,84.0,78.0,78.0,84.0
4594.T,bullish_engulfing,3,64.0,56.0,48.0,48.0,64.0
4596.T,bullish_engulfing,3,97.0,54.0,42.0,42.0,97.0
4597.T,bullish_engulfing,2,37.0,29.0,28.0,28.0,37.0
4599.T,bullish_engulfing,3,290.0,279.0,263.0,263.0,290.0
4611.T,bullish_engulfing,3,1376.0,1366.0,1347.0,1347.0,1376.0
4613.T,bullish_engulfing,4,2475.0,2451.0,2401.5,2400.0,2475.0
4615.T,bullish_engulfing,3,127.0,126.0,123.0,123.0,127.0
4620.T,bullish_engulfing,3,744.0,650.0,620.0,620.0,744.0
4625.T,bullish_engulfing,4,734.0,690.0,688.0,688.0,734.0
4635.T,bullish_engulfing,3,1476.0,1456.0,1435.0,1435.0,1476.0
4680.T,bullish_engulfing,4,1115.6756591796875,1095.7529162043886,1010.0849609375,997.6331898825508,1115.6756591796875
4685.T,bullish_engulfing,3,3615.0,3425.0,3395.0,3395.0,3615.0
4714.T,bullish_engulfing,3,196.04830932617188,194.14492843400188,191.28985595703125,191.28985521631336,196.04830932617188
4735.T,bullish_engulfing,3,304.15673828125,284.4702262743623,278.56427001953125,278.5642619210154,304.15673828125
4743.T,bullish_engulfing,2,1742.0,1715.0,1698.0,1698.0,1742.0
4745.T,bullish_engulfing,4,1495798272.0,1156302464.0,1149579776.0,1149579776.0,1495798272.0
4751.T,bullish_engulfing,3,1400.5,1397.0,1338.0,1338.0,1400.5
4761.T,bullish_engulfing,2,1287.0,1263.0,1219.0,1216.0,1287.0
4792.T,bullish_engulfing,4,1768.0,1761.0,1721.0,1721.0,1768.0
4809.T,bullish_engulfing,2,2038.0,2032.0,2025.0,2025.0,2038.0
4814.T,bullish_engulfing,3,241.0,183.0,172.0,172.0,241.0
4825.T,bullish_engulfing,3,2037.5,2030.0,1967.5,1967.5,2037.5
4829.T,bullish_engulfing,3,117.0,111.0,108.0,108.0,117.0
4833.T,bullish_engulfing,3,96.0,76.0,66.0,66.0,96.0
4875.T,bullish_engulfing,3,279.0,225.0,216.0,216.0,279.0
4886.T,bullish_engulfing,3,2498.0,2055.0,2038.0,2038.0,2498.0
4888.T,bullish_engulfing,3,310.0,263.0,203.0,203.0,310.0
4891.T,bullish_engulfing,3,155.0,145.0,129.0,129.0,155.0
4892.T,bullish_engulfing,3,642.0,610.0,590.0,590.0,642.0
4894.T,bullish_engulfing,3,7910.0,6330.0,6030.0,6030.0,7910.0
4925.T,bullish_engulfing,2,1835.0,1730.0,1705.0,1705.0,1835.0
4928.T,bullish_engulfing,3,4665.0,4635.0,4580.0,4580.0,4665.0
4929.T,bullish_engulfing,3,799.0,765.0,759.0,759.0,799.0
4935.T,bullish_engulfing,2,364.0,327.0,282.0,280.0,364.0
4956.T,bullish_engulfing,2,1384.0,1330.0,1301.0,1300.0,1384.0
4966.T,bullish_engulfing,3,17860.0,15020.0,14660.0,14660.0,17860.0
4998.T,bullish_engulfing,2,1184.0,1165.0,1159.0,1159.0,1184.0
5017.T,bullish_engulfing,1,2777844480.0,2771644416.0,2765833728.0,2765833728.0,2777844480.0
5025.T,bullish_engulfing,3,711.0,676.0,644.0,644.0,711.0
5029.T,bullish_engulfing,4,1050.0,1031.0,1020.0,1020.0,1050.0
5033.T,bullish_engulfing,2,760.0,741.0,733.0,733.0,760.0
5071.T,bullish_engulfing,4,1422.0,1393.0,1373.0,1358.0,1422.0
5074.T,bullish_engulfing,3,368.0,353.0,352.0,352.0,368.0
5139.T,bullish_engulfing,4,1055.0,1030.0,1012.0,1012.0,1055.0
5162.T,bullish_engulfing,3,699.0,683.0,680.0,680.0,699.0
5189.T,bullish_engulfing,3,2543.0,2311.0,2261.0,2261.0,2543.0
5191.T,bullish_engulfing,2,2617.0,2602.0,2598.0,2595.0,2617.0
5202.T,bullish_engulfing,4,590.0,575.0,517.0,512.0,590.0
5204.T,bullish_engulfing,4,3210.0,3035.0,2964.0,2957.0,3210.0
5232.T,bullish_engulfing,3,4169.0,3850.0,3800.0,3800.0,4169.0
5243.T,bullish_engulfing,3,2658.0,1666.0,1632.0,1632.0,2658.0
5254.T,bullish_engulfing,3,3605.0,3115.0,2931.0,2931.0,3605.0
5269.T,bullish_engulfing,3,343.0,338.0,333.0,333.0,343.0
5273.T,bullish_engulfing,2,8230.0,8180.0,7650.0,7650.0,8230.0
5283.T,bullish_engulfing,3,3450.0,3430.0,3415.0,3415.0,3450.0
5287.T,bullish_engulfing,3,1205.0,1200.0,1109.0,1109.0,1205.0
5334.T,bullish_engulfing,2,7903.0,6891.0,6751.0,6751.0,7903.0
5381.T,bullish_engulfing,3,528.0,448.0,447.0,447.0,528.0
5384.T,bullish_engulfing,3,2730.0,2409.0,2371.0,2371.0,2730.0
5446.T,bullish_engulfing,4,1251.0,1247.0,1242.0,1242.0,1251.0
5449.T,bullish_engulfing,3,3155.0,2905.0,2779.0,2779.0,3155.0
5476.T,bullish_engulfing,4,460.0,448.0,442.0,439.0,460.0
5482.T,bullish_engulfing,3,3080.0,2946.0,2921.0,2921.0,3080.0
5484.T,bullish_engulfing,4,2065.0,2036.0,2025.0,2019.0,2065.0
5533.T,bullish_engulfing,3,1974.0,1907.0,1872.0,1872.0,1974.0
5537.T,bullish_engulfing,2,3505.0,2147.0,2139.0,2138.0,3505.0
5541.T,bullish_engulfing,3,2938.0,2554.0,2266.0,2266.0,2938.0
5571.T,bullish_engulfing,3,1282.0,1232.0,1219.0,1219.0,1282.0
5587.T,bullish_engulfing,3,872.0,840.0,832.0,832.0,872.0
5592.T,bullish_engulfing,2,2699.0,2661.0,2555.0,2525.0,2699.0
5596.T,bullish_engulfing,4,1794.0,1372.0,1222.0,1215.0,1794.0
5597.T,bullish_engulfing,3,1663.0,1412.0,1173.0,1173.0,1663.0
5609.T,bullish_engulfing,3,843.0,834.0,832.0,832.0,843.0
5612.T,bullish_engulfing,3,1800.0,1688.0,1678.0,1678.0,1800.0
5644.T,bullish_engulfing,3,5380.0,5120.0,5070.0,5070.0,5380.0
5698.T,bullish_engulfing,3,858.0,627.0,624.0,624.0,858.0
5706.T,bullish_engulfing,3,20370.0,17900.0,17635.0,17635.0,20370.0
5724.T,bullish_engulfing,3,3755.0,2720.0,2590.0,2590.0,3755.0
5726.T,bullish_engulfing,3,2298.0,2245.0,1881.0,1881.0,2298.0
5729.T,bullish_engulfing,3,12760.0,11400.0,10030.0,10030.0,12760.0
5753.T,bullish_engulfing,3,2449.0,2280.0,2260.0,2260.0,2449.0
5803.T,bullish_engulfing,3,19570.0,17815.0,17440.0,17440.0,19570.0
5816.T,bullish_engulfing,2,1733.0,1450.0,1427.0,1413.0,1733.0
5820.T,bullish_engulfing,3,702.0,643.0,641.0,641.0,702.0
5830.T,bullish_engulfing,3,2871.0,2612.0,2551.5,2551.5,2871.0
5870.T,bullish_engulfing,1,1165.0,1052.0,1033.0,1021.0,1165.0
5915.T,bullish_engulfing,3,1944.0,1919.0,1913.0,1913.0,1944.0
5929.T,bullish_engulfing,2,4134.0,4079.0,3500.0,3500.0,4134.0
5941.T,bullish_engulfing,4,2682.0,2386.0,2371.0,2370.0,2682.0
5945.T,bullish_engulfing,2,2592.0,2321.0,2302.0,2300.0,2592.0
5947.T,bullish_engulfing,3,4059.0,3966.0,3960.0,3960.0,4059.0
5952.T,bullish_engulfing,3,214.0,199.0,184.0,184.0,214.0
5966.T,bullish_engulfing,2,2575.0,2502.0,2500.0,2487.0,2575.0
5983.T,bullish_engulfing,4,10570.0,10160.0,9530.0,9530.0,10570.0
5986.T,bullish_engulfing,3,197.0,197.0,191.0,191.0,197.0
5991.T,bullish_engulfing,3,2806.0,2565.0,2517.5,2517.5,2806.0
6005.T,bullish_engulfing,3,3176.0,3079.0,3039.0,3039.0,3176.0
6033.T,bullish_engulfing,2,1490.0,1413.0,1385.0,1361.0,1490.0
6036.T,bullish_engulfing,2,3645.0,3520.0,3200.0,3200.0,3645.0
6038.T,bullish_engulfing,3,962.0,936.0,924.0,924.0,962.0
6039.T,bullish_engulfing,3,1248.0,1180.0,1175.0,1175.0,1248.0
6055.T,bullish_engulfing,3,1784.0,1714.0,1547.0,1547.0,1784.0
6265.T,bullish_engulfing,4,2348.75537109375,2332.925533324249,2297.308349609375,2297.308328424468,2348.75537109375
6779.T,bullish_engulfing,2,1334.0,1022.0,1020.0,1020.0,1334.0
6897.T,bullish_engulfing,3,404.4608154296875,397.6221293081151,394.6912536621094,394.6912305159269,404.4608154296875
6908.T,bullish_engulfing,3,3330.0,3275.0,3215.0,3215.0,3330.0
7069.T,bullish_engulfing,3,880.0,838.0,757.0,757.0,880.0
7087.T,bullish_engulfing,4,1313.0,1294.0,1276.0,1276.0,1313.0
7112.T,bullish_engulfing,3,785.0,606.0,598.0,598.0,785.0
7366.T,bullish_engulfing,2,1345.0,1294.0,1189.0,1176.0,1345.0
7490.T,bullish_engulfing,3,1303.0,1240.0,1229.0,1229.0,1303.0
7505.T,bullish_engulfing,4,1911.0,1851.0,1847.0,1847.0,1911.0
7561.T,bullish_engulfing,3,693.0,659.0,651.0,651.0,693.0
7565.T,bullish_engulfing,2,6050.0,6020.0,6000.0,6000.0,6050.0
7581.T,bullish_engulfing,3,6270.0,5860.0,5480.0,5480.0,6270.0
7603.T,bullish_engulfing,3,200.0,160.0,147.0,147.0,200.0
7619.T,bullish_engulfing,4,889.0,841.0,826.0,826.0,889.0
7709.T,bullish_engulfing,3,184.0,184.0,180.0,180.0,184.0
7715.T,bullish_engulfing,3,2656.0,2443.0,2431.0,2431.0,2656.0
7734.T,bullish_engulfing,3,3290.0,3250.0,3200.0,3200.0,3290.0
7746.T,bullish_engulfing,3,979.0,377.0,370.0,370.0,979.0
7777.T,bullish_engulfing,3,436.0,394.0,359.0,359.0,436.0
7806.T,bullish_engulfing,2,5750.0,4730.0,4235.0,4235.0,5750.0
7810.T,bullish_engulfing,3,159.0,150.0,146.0,146.0,159.0
7839.T,bullish_engulfing,2,1800.0,1777.0,1775.0,1700.0,1800.0
7851.T,bullish_engulfing,3,260.0,255.0,250.0,250.0,260.0
7864.T,bullish_engulfing,3,3195.0,3155.0,3135.0,3135.0,3195.0
7868.T,bullish_engulfing,3,498.0,470.0,452.0,452.0,498.0
7872.T,bullish_engulfing,1,633.0,629.0,627.0,626.0,633.0
7883.T,bullish_engulfing,4,364.0,356.0,353.0,353.0,364.0
7897.T,bullish_engulfing,3,113.0,112.0,111.0,111.0,113.0
7901.T,bullish_engulfing,3,1036.0,864.0,698.0,698.0,1036.0
7914.T,bullish_engulfing,4,1581.0,1499.0,1482.0,1482.0,1581.0
7919.T,bullish_engulfing,4,206.0,194.0,193.0,193.0,206.0
7952.T,bullish_engulfing,2,2974.0,2746.0,2702.0,2697.0,2974.0
7980.T,bullish_engulfing,3,808.0,800.0,783.0,783.0,808.0
7983.T,bullish_engulfing,2,1167.0,1140.0,1108.0,1108.0,1167.0
7985.T,bullish_engulfing,3,1562.0,1534.0,1474.0,1474.0,1562.0
7986.T,bullish_engulfing,2,1984.0,1779.0,1764.0,1764.0,1984.0
7987.T,bullish_engulfing,4,585.0,577.0,565.0,562.0,585.0
7991.T,bullish_engulfing,3,1704.0,1655.0,1636.0,1636.0,1704.0
7992.T,bullish_engulfing,2,115.0,115.0,114.0,113.0,115.0
7999.T,bullish_engulfing,4,2987.0,2799.0,2776.0,2776.0,2987.0
8006.T,bullish_engulfing,3,1764.0,1736.0,1618.0,1618.0,1764.0
8013.T,bullish_engulfing,2,300.0,299.0,293.0,289.0,300.0
8018.T,bullish_engulfing,3,786.0,704.0,700.0,700.0,786.0
8025.T,bullish_engulfing,4,1395.0,1348.0,1337.0,1337.0,1395.0
8030.T,bullish_engulfing,4,3640.0,3495.0,3485.0,3475.0,3640.0
8046.T,bullish_engulfing,3,4560.0,4060.0,4035.0,4035.0,4560.0
8052.T,bullish_engulfing,2,3130.0,2884.0,2856.0,2815.0,3130.0
8058.T,bullish_engulfing,3,4097.0,3710.0,3586.0,3586.0,4097.0
8070.T,bullish_engulfing,2,1028.0,996.0,956.0,956.0,1028.0
8074.T,bullish_engulfing,3,5660.0,5460.0,5330.0,5330.0,5660.0
8076.T,bullish_engulfing,4,2016.0,1945.0,1924.0,1924.0,2016.0
8081.T,bullish_engulfing,4,2144.0,2101.0,2089.0,2089.0,2144.0
8088.T,bullish_engulfing,3,1829.5,1709.5,1647.5,1647.5,1829.5
8103.T,bullish_engulfing,2,951.0,946.0,924.0,924.0,951.0
8107.T,bullish_engulfing,3,33.0,33.0,31.0,31.0,33.0
8117.T,bullish_engulfing,3,2090.0,1910.0,1884.0,1884.0,2090.0
8119.T,bullish_engulfing,4,823.0,795.0,786.0,786.0,823.0
8123.T,bullish_engulfing,4,1481.0,1360.0,1357.0,1357.0,1481.0
8130.T,bullish_engulfing,3,3155.0,3125.0,3110.0,3110.0,3155.0
8163.T,bullish_engulfing,3,1245.0,1220.0,1209.0,1209.0,1245.0
8173.T,bullish_engulfing,3,2745.0,2725.0,2713.0,2713.0,2745.0
8209.T,bullish_engulfing,3,306.0,300.0,296.0,296.0,306.0
8230.T,bullish_engulfing,3,330.0,321.0,319.0,319.0,330.0
8233.T,bullish_engulfing,3,1914.4317626953125,1663.968643434811,1628.259033203125,1628.2589318468165,1914.4317626953125
8247.T,bullish_engulfing,3,390.0,385.0,384.0,384.0,390.0
8254.T,bullish_engulfing,4,390.0,385.0,381.0,381.0,390.0
8291.T,bullish_engulfing,3,527.0,505.0,501.0,501.0,527.0
8308.T,bullish_engulfing,3,1789.5,1601.0,1493.0,1493.0,1789.5
8334.T,bullish_engulfing,3,1939.5,1761.0,1727.5,1727.5,1939.5
8359.T,bullish_engulfing,3,1925.0,1699.5,1697.5,1697.5,1925.0
8421.T,bullish_engulfing,3,193000.0,191700.0,191500.0,191500.0,193000.0
8522.T,bullish_engulfing,3,4890.0,4445.0,4355.0,4355.0,4890.0
8595.T,bullish_engulfing,3,2441.5,2417.5,2410.0,2410.0,2441.5
8617.T,bullish_engulfing,3,537.0,480.0,455.0,455.0,537.0
8698.T,bullish_engulfing,2,747.0,731.0,710.0,708.0,747.0
8772.T,bullish_engulfing,3,934.0,849.0,836.0,836.0,934.0
8798.T,bullish_engulfing,4,287.0,263.0,251.0,251.0,287.0
8818.T,bullish_engulfing,2,2173.0,1926.0,1913.0,1913.0,2173.0
8850.T,bullish_engulfing,3,4895.0,4860.0,4785.0,4785.0,4895.0
8860.T,bullish_engulfing,3,824.0,822.0,820.0,820.0,824.0
8881.T,bullish_engulfing,3,805.0,750.0,748.0,748.0,805.0
8887.T,bullish_engulfing,3,398.0,388.0,375.0,375.0,398.0
8891.T,bullish_engulfing,3,2294.0,2219.0,2190.0,2190.0,2294.0
8918.T,bullish_engulfing,3,9.0,9.0,8.0,8.0,9.0
8934.T,bullish_engulfing,3,2447.0,2439.0,2400.0,2400.0,2447.0
8935.T,bullish_engulfing,3,1465.0,1464.0,1448.0,1448.0,1465.0
8956.T,bullish_engulfing,3,142600.0,141000.0,140400.0,140400.0,142600.0
8975.T,bullish_engulfing,2,98900.0,97300.0,97100.0,97000.0,98900.0
8979.T,bullish_engulfing,3,210200.0,207500.0,201700.0,201700.0,210200.0
8995.T,bullish_engulfing,4,1630.0,976.0,910.0,910.0,1630.0
9012.T,bullish_engulfing,3,2125.0,2075.0,2042.0,2042.0,2125.0
9023.T,bullish_engulfing,3,1652.5,1610.0,1594.5,1594.5,1652.5
9033.T,bullish_engulfing,4,607.0,606.0,605.0,605.0,607.0
9059.T,bullish_engulfing,4,908.0,874.0,870.0,870.0,908.0
9065.T,bullish_engulfing,3,9197.0,8495.0,8456.0,8456.0,9197.0
9072.T,bullish_engulfing,3,3665.0,3662.0,3406.0,3406.0,3665.0
9082.T,bullish_engulfing,3,1325.0,1195.0,1167.0,1167.0,1325.0
9087.T,bullish_engulfing,3,1357.0,1290.0,1261.0,1261.0,1357.0
9115.T,bullish_engulfing,3,717.0,694.0,678.0,678.0,717.0
9119.T,bullish_engulfing,3,1568.0,1419.0,1418.0,1418.0,1568.0
9127.T,bullish_engulfing,3,3760.0,3200.0,3170.0,3170.0,3760.0
9130.T,bullish_engulfing,3,1190.0,1098.0,1054.0,1054.0,1190.0
9158.T,bullish_engulfing,2,999.0,848.0,847.0,846.0,999.0
9160.T,bullish_engulfing,2,315.0,313.0,305.0,304.0,315.0
9171.T,bullish_engulfing,2,2178.0,1996.0,1915.0,1915.0,2178.0
9204.T,bullish_engulfing,3,398.0,383.0,370.0,370.0,398.0
9211.T,bullish_engulfing,3,1646.0,1612.0,1452.0,1452.0,1646.0
9225.T,bullish_engulfing,2,1228.0,1113.0,1093.0,1093.0,1228.0
9227.T,bullish_engulfing,3,1010.0,712.0,588.0,588.0,1010.0
9238.T,bullish_engulfing,3,1207.0,1197.0,1123.0,1123.0,1207.0
9247.T,bullish_engulfing,3,1714.0,1650.0,1609.0,1609.0,1714.0
9248.T,bullish_engulfing,2,1669.0,1615.0,1535.0,1535.0,1669.0
9249.T,bullish_engulfing,3,1588.0,1581.0,1549.0,1549.0,1588.0
9250.T,bullish_engulfing,3,1180.0,1017.0,936.0,936.0,1180.0
9254.T,bullish_engulfing,2,1208.0,1155.0,1151.0,1151.0,1208.0
9257.T,bullish_engulfing,1,755.0,751.0,748.0,748.0,755.0
9258.T,bullish_engulfing,4,361.0,357.0,346.0,342.0,361.0
9259.T,bullish_engulfing,3,812.0,768.0,759.0,759.0,812.0
9262.T,bullish_engulfing,2,828.0,794.0,793.0,788.0,828.0
9264.T,bullish_engulfing,2,1773.0,1768.0,1735.0,1726.0,1773.0
9270.T,bullish_engulfing,4,1148.0,980.0,942.0,927.0,1148.0
9273.T,bullish_engulfing,2,906.0,849.0,838.0,838.0,906.0
9274.T,bullish_engulfing,4,824.0,761.0,750.0,750.0,824.0
9284.T,bullish_engulfing,2,92000.0,92000.0,91900.0,91700.0,92000.0
9285.T,bullish_engulfing,2,53300.0,50700.0,50300.0,50000.0,53300.0
9287.T,bullish_engulfing,3,66500.0,64700.0,64100.0,64100.0,66500.0
9306.T,bullish_engulfing,4,1981.0,1966.0,1957.0,1957.0,1981.0
9307.T,bullish_engulfing,2,1086.0,1021.0,960.0,960.0,1086.0
9310.T,bullish_engulfing,4,1136.0,1131.0,1121.0,1118.0,1136.0
9311.T,bullish_engulfing,4,7390.0,6800.0,6580.0,6580.0,7390.0
9313.T,bullish_engulfing,2,1109.0,1041.0,1033.0,1033.0,1109.0
9331.T,bullish_engulfing,3,826.0,803.0,785.0,785.0,826.0
9341.T,bullish_engulfing,3,609.0,600.0,582.0,582.0,609.0
9348.T,bullish_engulfing,3,587.0,462.0,448.0,448.0,587.0
9351.T,bullish_engulfing,3,1799.0,1719.0,1709.0,1709.0,1799.0
9361.T,bullish_engulfing,2,2344.0,2150.0,2110.0,2110.0,2344.0
9362.T,bullish_engulfing,4,3970.0,3605.0,3515.0,3460.0,3970.0
9376.T,bullish_engulfing,3,955.0,852.0,831.0,831.0,955.0
9401.T,bullish_engulfing,3,5990.0,5816.0,5779.0,5779.0,5990.0
9409.T,bullish_engulfing,3,3570.0,3350.0,3330.0,3330.0,3570.0
9416.T,bullish_engulfing,2,1320.0,1293.0,1292.0,1292.0,1320.0
9419.T,bullish_engulfing,3,288.0,262.0,241.0,241.0,288.0
9421.T,bullish_engulfing,3,619.0,581.0,575.0,575.0,619.0
9466.T,bullish_engulfing,3,242.0,233.0,232.0,232.0,242.0
9476.T,bullish_engulfing,3,826.0,810.0,808.0,808.0,826.0
9478.T,bullish_engulfing,1,488.0,466.0,456.0,451.0,488.0
9504.T,bullish_engulfing,2,1088.5,995.0,987.7000122070312,949.0,1088.5
9531.T,bullish_engulfing,3,6846.0,6299.0,6205.0,6205.0,6846.0
9532.T,bullish_engulfing,3,5794.0,5448.0,5430.0,5430.0,5794.0
9533.T,bullish_engulfing,3,5115.0,4859.0,4663.0,4663.0,5115.0
9535.T,bullish_engulfing,2,386.0,381.0,368.0,368.0,386.0
9561.T,bullish_engulfing,3,466.0,464.0,415.0,415.0,466.0
9600.T,bullish_engulfing,2,7539753984.0,7539753984.0,7536753664.0,7536753664.0,7539753984.0
9603.T,bullish_engulfing,4,1321.0,1300.0,1284.0,1271.0,1321.0
9633.T,bullish_engulfing,4,1525.0,1448.0,1425.0,1420.0,1525.0
9656.T,bullish_engulfing,2,612.0,609.0,603.0,603.0,612.0
9679.T,bullish_engulfing,4,1916.0,1915.0,1861.0,1850.0,1916.0
9697.T,bullish_engulfing,3,3936.0,3801.0,3651.0,3651.0,3936.0
9706.T,bullish_engulfing,3,4832.0,4502.0,4386.0,4386.0,4832.0
9709.T,bullish_engulfing,2,1714.0,1615.0,1547.0,1545.0,1714.0
9713.T,bullish_engulfing,3,927.0,915.0,910.0,910.0,927.0
9731.T,bullish_engulfing,2,3700.0,3190.0,3130.0,3130.0,3700.0
9740.T,bullish_engulfing,2,3039.753662109375,3015.000046514949,2884.300537109375,2884.300461799547,3039.753662109375
9767.T,bullish_engulfing,3,1589.0,1468.0,1458.0,1458.0,1589.0
9776.T,bullish_engulfing,2,332559680.0,332559680.0,331034944.0,331034944.0,332559680.0
9812.T,bullish_engulfing,3,276.0,271.0,259.0,259.0,276.0
9820.T,bullish_engulfing,3,3525.0,3480.0,3470.0,3470.0,3525.0
9827.T,bullish_engulfing,2,678.0,662.0,658.0,657.0,678.0
9832.T,bullish_engulfing,2,1777.0,1649.0,1646.0,1620.0,1777.0
9853.T,bullish_engulfing,3,959.0,942.0,932.0,932.0,959.0
9876.T,bullish_engulfing,3,244.0,239.0,237.0,237.0,244.0
9882.T,bullish_engulfing,3,1687.0,1668.0,1640.0,1640.0,1687.0
9888.T,bullish_engulfing,4,787.0,761.0,755.0,755.0,787.0
9895.T,bullish_engulfing,3,1263.0,1236.0,1225.0,1225.0,1263.0
9896.T,bullish_engulfing,4,1352.0,1258.0,1250.0,1250.0,1352.0
9902.T,bullish_engulfing,2,2560.0,2550.0,2520.0,2520.0,2560.0
9927.T,bullish_engulfing,2,969.0,747.0,731.0,731.0,969.0
9941.T,bullish_engulfing,3,690.0,657.0,610.0,610.0,690.0
9950.T,bullish_engulfing,4,3420.0,3420.0,3415.0,3415.0,3420.0
9983.T,bullish_engulfing,3,58565.4609375,56872.24461878732,56712.8828125,56712.88003029337,58565.4609375
9986.T,bullish_engulfing,4,2510.0,2478.0,2470.0,2470.0,2510.0
9991.T,bullish_engulfing,3,1583.0,1461.0,1451.0,1451.0,1583.0
